Awesome_Product 0,This_is_an_awesome_product! 0,AP_ 0,_ 0,
Awesome_Product 1,This_is_an_awesome_product! 1,AP_ 1,_ 1,
Awesome_Product 2,This_is_an_awesome_product! 2,AP_ 2,_ 2,
Awesome_Product 3,This_is_an_awesome_product! 3,AP_ 3,_ 3,
Awesome_Product 4,This_is_an_awesome_product! 4,AP_ 4,_ 4,
Awesome_Product 5,This_is_an_awesome_product! 5,AP_ 5,_ 5,
Awesome_Product 6,This_is_an_awesome_product! 6,AP_ 6,_ 6,
Awesome_Product 7,This_is_an_awesome_product! 7,AP_ 7,_ 7,
Awesome_Product 8,This_is_an_awesome_product! 8,AP_ 8,_ 8,
Awesome_Product 9,This_is_an_awesome_product! 9,AP_ 9,_ 9,
Awesome_Product 10,This_is_an_awesome_product! 10,AP_ 10,_ 10,
Awesome_Product 11,This_is_an_awesome_product! 11,AP_ 11,_ 11,
Awesome_Product 12,This_is_an_awesome_product! 12,AP_ 12,_ 12,
Awesome_Product 13,This_is_an_awesome_product! 13,AP_ 13,_ 13,
Awesome_Product 14,This_is_an_awesome_product! 14,AP_ 14,_ 14,
Awesome_Product 15,This_is_an_awesome_product! 15,AP_ 15,_ 15,
Awesome_Product 16,This_is_an_awesome_product! 16,AP_ 16,_ 16,
Awesome_Product 17,This_is_an_awesome_product! 17,AP_ 17,_ 17,
Awesome_Product 18,This_is_an_awesome_product! 18,AP_ 18,_ 18,
Awesome_Product 19,This_is_an_awesome_product! 19,AP_ 19,_ 19,
Awesome_Product 20,This_is_an_awesome_product! 20,AP_ 20,_ 20,
Awesome_Product 21,This_is_an_awesome_product! 21,AP_ 21,_ 21,
Awesome_Product 22,This_is_an_awesome_product! 22,AP_ 22,_ 22,
Awesome_Product 23,This_is_an_awesome_product! 23,AP_ 23,_ 23,
Awesome_Product 24,This_is_an_awesome_product! 24,AP_ 24,_ 24,
Awesome_Product 25,This_is_an_awesome_product! 25,AP_ 25,_ 25,
Awesome_Product 26,This_is_an_awesome_product! 26,AP_ 26,_ 26,
Awesome_Product 27,This_is_an_awesome_product! 27,AP_ 27,_ 27,
Awesome_Product 28,This_is_an_awesome_product! 28,AP_ 28,_ 28,
Awesome_Product 29,This_is_an_awesome_product! 29,AP_ 29,_ 29,
Awesome_Product 30,This_is_an_awesome_product! 30,AP_ 30,_ 30,
Awesome_Product 31,This_is_an_awesome_product! 31,AP_ 31,_ 31,
Awesome_Product 32,This_is_an_awesome_product! 32,AP_ 32,_ 32,
Awesome_Product 33,This_is_an_awesome_product! 33,AP_ 33,_ 33,
Awesome_Product 34,This_is_an_awesome_product! 34,AP_ 34,_ 34,
Awesome_Product 35,This_is_an_awesome_product! 35,AP_ 35,_ 35,
Awesome_Product 36,This_is_an_awesome_product! 36,AP_ 36,_ 36,
Awesome_Product 37,This_is_an_awesome_product! 37,AP_ 37,_ 37,
Awesome_Product 38,This_is_an_awesome_product! 38,AP_ 38,_ 38,
Awesome_Product 39,This_is_an_awesome_product! 39,AP_ 39,_ 39,
Awesome_Product 40,This_is_an_awesome_product! 40,AP_ 40,_ 40,
Awesome_Product 41,This_is_an_awesome_product! 41,AP_ 41,_ 41,
Awesome_Product 42,This_is_an_awesome_product! 42,AP_ 42,_ 42,
Awesome_Product 43,This_is_an_awesome_product! 43,AP_ 43,_ 43,
Awesome_Product 44,This_is_an_awesome_product! 44,AP_ 44,_ 44,
Awesome_Product 45,This_is_an_awesome_product! 45,AP_ 45,_ 45,
Awesome_Product 46,This_is_an_awesome_product! 46,AP_ 46,_ 46,
Awesome_Product 47,This_is_an_awesome_product! 47,AP_ 47,_ 47,
Awesome_Product 48,This_is_an_awesome_product! 48,AP_ 48,_ 48,
Awesome_Product 49,This_is_an_awesome_product! 49,AP_ 49,_ 49,
Awesome_Product 50,This_is_an_awesome_product! 50,AP_ 50,_ 50,
Awesome_Product 51,This_is_an_awesome_product! 51,AP_ 51,_ 51,
Awesome_Product 52,This_is_an_awesome_product! 52,AP_ 52,_ 52,
Awesome_Product 53,This_is_an_awesome_product! 53,AP_ 53,_ 53,
Awesome_Product 54,This_is_an_awesome_product! 54,AP_ 54,_ 54,
Awesome_Product 55,This_is_an_awesome_product! 55,AP_ 55,_ 55,
Awesome_Product 56,This_is_an_awesome_product! 56,AP_ 56,_ 56,
Awesome_Product 57,This_is_an_awesome_product! 57,AP_ 57,_ 57,
Awesome_Product 58,This_is_an_awesome_product! 58,AP_ 58,_ 58,
Awesome_Product 59,This_is_an_awesome_product! 59,AP_ 59,_ 59,
Awesome_Product 60,This_is_an_awesome_product! 60,AP_ 60,_ 60,
Awesome_Product 61,This_is_an_awesome_product! 61,AP_ 61,_ 61,
Awesome_Product 62,This_is_an_awesome_product! 62,AP_ 62,_ 62,
Awesome_Product 63,This_is_an_awesome_product! 63,AP_ 63,_ 63,
Awesome_Product 64,This_is_an_awesome_product! 64,AP_ 64,_ 64,
Awesome_Product 65,This_is_an_awesome_product! 65,AP_ 65,_ 65,
Awesome_Product 66,This_is_an_awesome_product! 66,AP_ 66,_ 66,
Awesome_Product 67,This_is_an_awesome_product! 67,AP_ 67,_ 67,
Awesome_Product 68,This_is_an_awesome_product! 68,AP_ 68,_ 68,
Awesome_Product 69,This_is_an_awesome_product! 69,AP_ 69,_ 69,
Awesome_Product 70,This_is_an_awesome_product! 70,AP_ 70,_ 70,
Awesome_Product 71,This_is_an_awesome_product! 71,AP_ 71,_ 71,
Awesome_Product 72,This_is_an_awesome_product! 72,AP_ 72,_ 72,
Awesome_Product 73,This_is_an_awesome_product! 73,AP_ 73,_ 73,
Awesome_Product 74,This_is_an_awesome_product! 74,AP_ 74,_ 74,
Awesome_Product 75,This_is_an_awesome_product! 75,AP_ 75,_ 75,
Awesome_Product 76,This_is_an_awesome_product! 76,AP_ 76,_ 76,
Awesome_Product 77,This_is_an_awesome_product! 77,AP_ 77,_ 77,
Awesome_Product 78,This_is_an_awesome_product! 78,AP_ 78,_ 78,
Awesome_Product 79,This_is_an_awesome_product! 79,AP_ 79,_ 79,
Awesome_Product 80,This_is_an_awesome_product! 80,AP_ 80,_ 80,
Awesome_Product 81,This_is_an_awesome_product! 81,AP_ 81,_ 81,
Awesome_Product 82,This_is_an_awesome_product! 82,AP_ 82,_ 82,
Awesome_Product 83,This_is_an_awesome_product! 83,AP_ 83,_ 83,
Awesome_Product 84,This_is_an_awesome_product! 84,AP_ 84,_ 84,
Awesome_Product 85,This_is_an_awesome_product! 85,AP_ 85,_ 85,
Awesome_Product 86,This_is_an_awesome_product! 86,AP_ 86,_ 86,
Awesome_Product 87,This_is_an_awesome_product! 87,AP_ 87,_ 87,
Awesome_Product 88,This_is_an_awesome_product! 88,AP_ 88,_ 88,
Awesome_Product 89,This_is_an_awesome_product! 89,AP_ 89,_ 89,
Awesome_Product 90,This_is_an_awesome_product! 90,AP_ 90,_ 90,
Awesome_Product 91,This_is_an_awesome_product! 91,AP_ 91,_ 91,
Awesome_Product 92,This_is_an_awesome_product! 92,AP_ 92,_ 92,
Awesome_Product 93,This_is_an_awesome_product! 93,AP_ 93,_ 93,
Awesome_Product 94,This_is_an_awesome_product! 94,AP_ 94,_ 94,
Awesome_Product 95,This_is_an_awesome_product! 95,AP_ 95,_ 95,
Awesome_Product 96,This_is_an_awesome_product! 96,AP_ 96,_ 96,
Awesome_Product 97,This_is_an_awesome_product! 97,AP_ 97,_ 97,
Awesome_Product 98,This_is_an_awesome_product! 98,AP_ 98,_ 98,
Awesome_Product 99,This_is_an_awesome_product! 99,AP_ 99,_ 99,
